Bit Counter,Module,Weight Before Attack,Weight After Attack,Validation,MCC Drop
1,fc1,0.04815961420536041,0.0,0.018342801684091883,0.8669234970633848
2,stage_1.0.conv_b,-0.01947415992617607,-1.0,-0.00049678673040128,0.018839588414493163
3,stage_1.0.conv_a,0.07750486582517624,0.0,-0.007521162976157032,0.007024376245755751
4,stage_2.14.conv_b,-0.0329645611345768,-1.0,-0.0018897458401975907,-0.005631417135959441
5,stage_2.14.conv_a,-0.08150067180395126,-1.0,-0.0023763080986581183,0.00048656225846052756
6,stage_1.5.conv_a,-0.0700891986489296,-1.0,6.181388780794005e-05,-0.0024381219864660583
7,stage_1.6.conv_b,-0.05300635099411011,-1.0,0.00034140285727769966,-0.0002795889694697596
8,stage_1.5.conv_b,-0.10415621846914291,-1.0,0.00034140285727769966,0.0
9,stage_1.6.conv_a,0.09835177659988403,0.0,0.0,0.00034140285727769966
10,classifier,-0.022736137732863426,-1.0,0.0,0.0
11,stage_3.10.conv_a,-0.030609210953116417,-1.0,0.0,0.0
12,stage_3.7.conv_b,-0.0663905069231987,-1.0,0.0,0.0
13,stage_3.7.conv_a,-0.0027482653968036175,-1.0,0.0,0.0
14,stage_1.13.conv_b,0.007340429350733757,0.0,0.0008275829492712578,-0.0008275829492712578
15,stage_1.13.conv_a,0.08684089779853821,0.0,0.0,0.0008275829492712578
16,stage_1.2.conv_b,0.05524563044309616,0.0,0.0,0.0
17,stage_1.2.conv_a,-0.14038944244384766,-1.0,0.0,0.0
18,stage_1.1.conv_b,-0.18023955821990967,-1.0,0.0,0.0
19,stage_1.1.conv_a,0.050760697573423386,0.0,0.0,0.0
20,stage_3.4.conv_b,-0.02312074601650238,-1.0,0.0,0.0
